{"fullscreen":true,"width":240,"height":240,"scale":1,"startScene":"main","version":"0.5.0","clearColor":[0.22745098039215686,0.17254901960784313,0.17254901960784313,1]}